Route_Name;Region;Starting_Point;Ending_Point;Distance_km;Duration_hours;Difficulty;Elevation_min_m;Elevation_max_m;Recommended_Season;Description;Points_of_Interest
Καταρράκτης-Καταφύγιο Καταρράκτη;Κεντρικά Τζουμέρκα;Καταρράκτης (Parking Δίδυμων Καταρρακτών);Καταφύγιο Καταρράκτη;6.8;3ω 30λ;Μέτρια δύσκολη;~800 μετρα;~1600 μέτρα;Άνοιξη Καλοκαίρι Φθινόπωρο;Εύκολη πεζοπορία από τους δίδυμους καταρράκτες στο καταφύγιο Καταρράκτη.  Η διαδρομή ξεκινά από το χώρο στάθμευσης για τους δίδυμους καταρράκτες. Το μονοπάτι προς το ορειβατικό καταφύγιο είναι σχετικά εύκολο και το μισό κινείται σε χωματόδρομο. Η υψομετρική διαφορά είναι περίπου 800 μέτρα, που καλύπτεται κυρίως στο τελευταίο τμήμα. Ο πρώτος στόχος είναι η τοποθεσία 'Αλώνι'. Εξαιρετικά ενδιαφέρουσα διαδρομή;Δίδυμοι Καταρράκτες Κριοπηγής, Καταφύγιο Καταρράκτη, Αλώνι
Άγναντα-Καταρράκτης;Κεντρικά Τζουμέρκα;Άγναντα;Καταρράκτης;8.0;3ω 30λ;Μέτρια δύσκολη;~780 μέτρα;~1350 μέτρα;Άνοιξη Καλοκαίρι Φθινόπωρο;Διαδρομή που συνδέει τα δύο παραδοσιακά χωριά Άγναντα και Καταρράκτης.Διαδρομή που διασχίζει την περιοχή μεταξύ των χωριών Άγναντα και Καταρράκτης. Το χωριό Καταρράκτης πήρε το όνομά του από τους δίδυμους καταρράκτες ύψους 110 μέτρων που βρίσκονται κοντά στον οικισμό Κριοπηγή.;Χωριό Άγναντα, Χωριό Καταρράκτης, Δίδυμοι Καταρράκτες 110m, Κριοπηγή
Καταρράκτης-Στρογγούλα;Κεντρικά Τζουμέρκα;Καταρράκτης;Στρογγούλα;8.0;5ω;Πολύ δύσκολο;~1600 μέτρα;~2200 μέτρα;Μάιος-Νοέμβριος, Χιόνια κατά τη διάρκεια του χειμώνα;Απαιτητική ανάβαση από το χωριό Καταρράκτης στην κορυφή Στρογγούλα. Απαιτητική ορειβατική διαδρομή που ξεκινά από το χωριό Καταρράκτης σε υψόμετρο 800m και ανεβαίνει στην επιβλητική κορυφή της Στρογγούλας στα 2112m. Η διαδρομή περνά μέσα από πυκνά δάση ελάτων και καταλήγει στην γυμνή αλπική ζώνη.;Χωριό Καταρράκτης, Κορυφή Στρογγούλα 2112m, Ελατόδασος, Αλπική ζώνη
Κυκλική πορεία στον Καταρράκτη;Κεντρικά Τζουμέρκα;Καταρράκτης;Καταρράκτης;11.7;4ω 40λ;Μέτρια δύσκολη;~820 μέτρα;~1680 μέτρα;Άνοιξη Καλοκαίρι Φθινόπωρο;Κυκλική διαδρομή γύρω από το χωριό Καταρράκτης. Κυκλική πεζοπορική διαδρομή που ξεκινά και καταλήγει στο χωριό Καταρράκτης. Περνά μέσα από το εντυπωσιακό φυσικό τοπίο με ελατοδάση, πυκνή βλάστηση και τους διάσημους δίδυμους καταρράκτες.;Χωριό Καταρράκτης, Δίδυμοι Καταρράκτες, Ελατοδάση
Δασικό Χωριό Κέδρος-Μικροσπηλιά;Κεντρικά Τζουμέρκα;Δασικό Χωριό Κέδρος;Μικροσπηλιά;2.4;1ω;Εύκολη;~750 μέτρα;~900 μέτρα;Άνοιξη Καλοκαίρι Φθινόπωρο;Σύντομη και εύκολη διαδρομή που συνδέει το Δασικό Χωριό με τη Μικροσπηλιά. Πεζοπορική διαδρομή που διασχίζει την περιοχή μεταξύ των χωριών Μικροσπηλιά και Κέδρος. Η περιοχή χαρακτηρίζεται από πυκνή βλάστηση δρυών και ελάτων, ενώ υπάρχουν κουτσουπιές, αγριοκερασιές και πλατάνια. Στην περιοχή συναντάται άγρια πανίδα όπως αρκούδες, λύκοι και ελάφια.;Δασικό Χωριό Κέδρος, Χωριό Μικροσπηλιά, Ελατοδάση, Άγρια πανίδα
Δασικό Χωριό Κέδρος-Καταφίδι;Κεντρικά Τζουμέρκα;Δασικό Χωριό Κέδρος;Καταφίδι;11.9;8ω;Πολύ δύσκολη;~900 μέτρα;~2400 μέτρα;Ιούνιος-Οκτώβριος;Απαιτητική ανάβαση στην υψηλότερη κορυφή των Τζουμέρκων, το Καταφίδι. Απαιτητική ορειβατική διαδρομή που ξεκινά από το Δασικό Χωριό 'Κέδρος' (920m) και ανεβαίνει στην υψηλότερη κορυφή των Τζουμέρκων, το Καταφίδι (2393m). Απαιτεί καλή φυσική κατάσταση και εμπειρία. ;Δασικό Χωριό Κέδρος, Κορυφή Καταφίδι 2393m
Πράμαντα-Καταφύγιο Πραμάντων;Βόρεια Τζουμέρκα;Πράμαντα;Καταφύγιο Πραμάντων;4.2;1ω 30λ;Εύκολη;~830 μέτρα;~1250 μέτρα;Όλο το χρόνο;Η βασική διαδρομή ανάβασης από το χωριό Πράμαντα στο ομώνυμο καταφύγιο. Διαδρομή που ανεβαίνει από το χωριό Πράμαντα (840m) στο Καταφύγιο Πραμάντων. Το καταφύγιο βρίσκεται στο μεγάλο λιβάδι Ίσιωμα, σε υψόμετρο 1245m, στη βάση της Στρογγούλας και προσφέρει εξαιρετική θέα.;Πράμαντα, Καταφύγιο Πραμάντων, Λιβάδι Ίσιωμα, Θέα Στρογγούλα
Καταφύγιο Πραμάντων-Καταφύγιο Μελισσουργών;Βόρεια Τζουμέρκα;Καταφύγιο Πραμάντων;Καταφύγιο Μελισσουργών;4.3;1ω 45λ;Μέτρια;~970 μέτρα;~1300 μέτρα;Άνοιξη Καλοκαίρι Φθινόπωρο;Διαδρομή που συνδέει τα δύο μεγάλα καταφύγια των Βορείων Τζουμέρκων. Εύκολη διάσχιση που συνδέει το Καταφύγιο Πραμάντων (1245m) με το Καταφύγιο Μελισσουργών. Αποτελεί τμήμα μιας μεγαλύτερης κυκλικής διαδρομής που περνά από τον καταρράκτη Κεφαλόβρυσο και τη σπηλιά του Κατσαντώνη.;Καταφύγιο Πραμάντων, Καταφύγιο Μελισσουργοί
Καταφύγιο Πραμάντων-Στρογγούλα;Βόρεια Τζουμέρκα;Καταφύγιο Πραμάντων;Στρογγούλα;4.6;5ω;Δύσκολο;~1200 μέτρα;~2100 μέτρα;Μάιος-Δεκέμβριος, Χιόνια και πάγοι τον Χειμώνα;Απαιτητική ανάβαση στην κορυφή Στρογγούλα. Απαιτητική ανάβαση. Η διαδρομή  ξεκινά από το Καταφύγιο (1300m), ενώ αυτή (4.6km) από το χωριό Πράμαντα (840m) και ανεβαίνει εντατικά προς την κορυφή Στρογγούλα στα 2112m. Η θέα από την κορυφή είναι ανεπανάληπτη.;Πράμαντα, Κορυφή Στρογγούλα 2112m, Πανοραμική θέα
Μελισσουργοί-Στρογγούλα;Βόρεια Τζουμέρκα;Μελισσουργοί;Στρογγούλα;10.3;6ω 30λ;Δύσκολο;~970 μέτρα;~2100 μέτρα;Μάιος-Δεκέμβριος, Χιόνια και πάγοι τον Χειμώνα;Απαιτητική ανάβαση από το χωριό Μελισσουργοί στην κορυφή Στρογγούλα. Ορειβατική διαδρομή που ξεκινά από το παραδοσιακό χωριό Μελισσουργοί και ανεβαίνει στην επιβλητική κορυφή της Στρογγούλας στα 2112m. Το τοπίο στους Μελισσουργούς χαρακτηρίζεται από πυκνά ελατοδάση. Στο χωριό υπάρχει και ορειβατικό καταφύγιο.;Χωριό Μελισσουργοί, Καταφύγιο Μελισσουργοί, Κορυφή Στρογγούλα 2112m, Ελατοδάση
Μονοπάτι της Βίδρας;Τζουμέρκα (Άραχθος);Γέφυρα Πλάκας;Κάρδαμος;15.3;6ω;Μέτρια δύσκολη;~500 μέτρα;~600 μέτρα;Όλο το χρόνο;Παραποτάμια διαδρομή κατά μήκος του Αράχθου. Το Μονοπάτι της Βίδρας (Α1) είναι ένα παραποτάμιο μονοπάτι στη μέση κοιλάδα του Αράχθου. Ξεκινάει από την ιστορική Γέφυρα της Πλάκας και κινείται κατά μήκος της δυτικής όχθης, περνάει τη Γέφυρα Τζαρή και καταλήγει στο συγκρότημα υδροκίνησης στην Αγία Μαρίνα Σκούπας.;Γέφυρα Πλάκας, Ποταμός Άραχθος, Γέφυρα Τζαρή, Συγκρότημα υδροκίνησης Σκούπας
Διάσχιση Καλαρρύτες - Συρράκο (Πεζοπορία);Κεντρικά Τζουμέρκα;Καλαρρύτες;Συρράκο;8.4;2.5ω;Μέτρια;~900 μέτρα;~1150 μέτρα;Άνοιξη, Καλοκαίρι, Φθινόπωρο;Η μικρότερη εκδοχή της κλασικής διαδρομής, με έμφαση στην ομορφιά του φαραγγιού. Κατάλληλη για γρήγορη μεταφορά μεταξύ των δύο χωριών.;Συρράκο, Φαράγγι
Δρόμος του νερού;Βόρεια Τζουμέρκα;Τσόπελας;Πράμαντα;7.0;3ω;Εύκολη;~900 μέτρα;~1100 μέτρα;Όλο το χρόνο;Εύκολη και ευχάριστη διαδρομή που ξεκινά από τα Πράμαντα. Αρχικά κινούμαστε δίπλα από ρυάκι σε δασικό μονοπάτι και ανηφορίζουμε προς το καταφύγιο Πραμάντων. Στη συνέχεια από δασικό δρόμο θα φτάσουμε στη βρύση “ΚΕΡΑΣΙΑ” και θα ακολουθήσουμε ήπιο και κατηφορικό μονοπάτι σε δάσος ελάτης όπου θα φτάσουμε στη βρύση ‘ΜΑΡΚΟΠΟΥΛΟ”. Η διαδρομή πλέον βρίσκεται μέσα σε ένα πευκόφυτο περιβάλλον και καταλήγει στο κέντρο των Πραμάντων. Η επιστροφή γίνεται (με πόδια ή αυτοκίνητο) από την ασφάλτινη διαδρομή Πράμαντα - Τσόπελα.;Βρύση Κερασιά, Πευκόδασος Πραμάντων
